Workbook

Sheet Dashboard
A1: OCM Implementation Dashboard | I1: DASHBOARD GUIDE
A2: Auto-populated from worksheet data | I2: This dashboard auto-populates
I3: from all other worksheets.
A4: OVERALL OCM HEALTH | E4: STAKEHOLDER SUMMARY
A5: Metric | B5: Score | C5: Status | E5: Strategy | F5: Count | G5: % | I5: Update source sheets to
A6: CSF Average | B6: ='CSF Checklist'!B21 | C6: =IF(B6="","",IF(B6>=4,"On Track",IF(B6>=3,"Monitor","At Risk"))) | E6: Manage Closely | F6: =COUNTIF('Stakeholder Analysis'!I4:I50,"Manage Closely") | G6: =IF(SUM(F6:F9)=0,"",F6/SUM(F6:F9)) | I6: refresh these metrics.
A7: Maturity Score | B7: ='Maturity Assessment'!B17 | C7: =IF(B7="","",IF(B7>=4,"On Track",IF(B7>=3,"Monitor","At Risk"))) | E7: Keep Satisfied | F7: =COUNTIF('Stakeholder Analysis'!I4:I50,"Keep Satisfied") | G7: =IF(SUM(F6:F9)=0,"",F7/SUM(F6:F9))
E8: Keep Informed | F8: =COUNTIF('Stakeholder Analysis'!I4:I50,"Keep Informed") | G8: =IF(SUM(F6:F9)=0,"",F8/SUM(F6:F9)) | I8: STATUS INDICATORS:
A9: IMPLEMENTATION PROGRESS | E9: Monitor | F9: =COUNTIF('Stakeholder Analysis'!I4:I50,"Monitor") | G9: =IF(SUM(F6:F9)=0,"",F9/SUM(F6:F9)) | I9: On Track = Score ≥4
A10: Status | B10: Count | C10: % | I10: Monitor = Score 3-4
A11: Complete | B11: =COUNTIF('Implementation Roadmap'!G4:G50,"Complete") | C11: =IF(B11+B12+B13+B14=0,"",B11/(B11+B12+B13+B14)) | E11: ADKAR GAP SUMMARY | I11: At Risk = Score <3
A12: In Progress | B12: =COUNTIF('Implementation Roadmap'!G4:G50,"In Progress") | C12: =IF(B11+B12+B13+B14=0,"",B12/(B11+B12+B13+B14)) | E12: Gap Type | F12: Count | G12: Priority
A13: Not Started | B13: =COUNTIF('Implementation Roadmap'!G4:G50,"Not Started") | C13: =IF(B11+B12+B13+B14=0,"",B13/(B11+B12+B13+B14)) | E13: Awareness | F13: =COUNTIF('ADKAR Assessment'!H4:H50,"Awareness") | G13: =IF(F13>=F14,IF(F13>=F15,IF(F13>=F16,IF(F13>=F17,"HIGH",""),""),""),"")
A14: At Risk | B14: =COUNTIF('Implementation Roadmap'!G4:G50,"At Risk")+COUNTIF('Implementation Roadmap'!G4:G50,"Delayed") | C14: =IF(B11+B12+B13+B14=0,"",B14/(B11+B12+B13+B14)) | E14: Desire | F14: =COUNTIF('ADKAR Assessment'!H4:H50,"Desire")
E15: Knowledge | F15: =COUNTIF('ADKAR Assessment'!H4:H50,"Knowledge")
E16: Ability | F16: =COUNTIF('ADKAR Assessment'!H4:H50,"Ability")
A17: RISK SUMMARY | E17: Reinforcement | F17: =COUNTIF('ADKAR Assessment'!H4:H50,"Reinforcement")
A18: Level | B18: Count | C18: Action
A19: High (15-25) | B19: =COUNTIF('Risk Register'!F4:F50,">=15") | C19: Immediate | E19: RESISTANCE STATUS
A20: Medium (7-14) | B20: =SUMPRODUCT(('Risk Register'!F4:F50>=7)*('Risk Register'!F4:F50<15)) | C20: Plan needed | E20: Status | F20: Count | G20: %
A21: Low (1-6) | B21: =SUMPRODUCT(('Risk Register'!F4:F50>=1)*('Risk Register'!F4:F50<7)) | C21: Monitor | E21: Open/New | F21: =COUNTIF('Resistance Log'!K4:K50,"New")+COUNTIF('Resistance Log'!K4:K50,"Under Investigation")
E22: In Progress | F22: =COUNTIF('Resistance Log'!K4:K50,"Mitigation In Progress")
E23: Resolved | F23: =COUNTIF('Resistance Log'!K4:K50,"Resolved")

Sheet Implementation Roadmap
A1: Implementation Roadmap | I1: INSTRUCTIONS
I2: Track OCM implementation
A3: Phase | B3: Activity | C3: Description | D3: Owner | E3: Start | F3: End | G3: Status | I3: across 5 phases, 25 activities.
A4: Phase 1: Initiation | B4: 1.1 Define Change | C4: Document what is changing and why | G4: Not Started
B5: 1.2 Identify Sponsor | C5: Secure executive sponsorship | G5: Not Started | I5: HOW TO USE:
B6: 1.3 Form OCM Team | C6: Assemble change management resources | G6: Not Started | I6: 1. Assign Owner
B7: 1.4 Stakeholder ID | C7: Identify key stakeholder groups | G7: Not Started | I7: 2. Set Start/End dates
B8: 1.5 Business Case | C8: Document benefits and ROI | G8: Not Started | I8: 3. Update Status (dropdown)
A9: Phase 2: Assessment | B9: 2.1 Readiness Assessment | C9: Evaluate organizational readiness | G9: Not Started
B10: 2.2 Stakeholder Analysis | C10: Complete power/interest mapping | G10: Not Started | I10: STATUS OPTIONS:
B11: 2.3 Impact Assessment | C11: Analyze change impacts | G11: Not Started | I11: • Not Started
B12: 2.4 Risk Assessment | C12: Identify OCM-specific risks | G12: Not Started | I12: • In Progress
B13: 2.5 ADKAR Baseline | C13: Establish baseline scores | G13: Not Started | I13: • Complete
A14: Phase 3: Planning | B14: 3.1 OCM Strategy | C14: Define overall approach | G14: Not Started | I14: • Delayed
B15: 3.2 Communication Plan | C15: Develop messaging | G15: Not Started | I15: • At Risk
B16: 3.3 Training Plan | C16: Design curriculum | G16: Not Started
B17: 3.4 Sponsorship Plan | C17: Plan sponsor activities | G17: Not Started
B18: 3.5 Resistance Plan | C18: Mitigation strategies | G18: Not Started
A19: Phase 4: Execution | B19: 4.1 Launch Comms | C19: Begin awareness campaign | G19: Not Started
B20: 4.2 Sponsor Activities | C20: Execute sponsor plan | G20: Not Started
B21: 4.3 Deliver Training | C21: Conduct sessions | G21: Not Started
B22: 4.4 Manage Resistance | C22: Address issues | G22: Not Started
B23: 4.5 Monitor Adoption | C23: Track KPIs | G23: Not Started
A24: Phase 5: Sustainment | B24: 5.1 Reinforcement | C24: Recognition and rewards | G24: Not Started
B25: 5.2 Embed in Systems | C25: Update processes | G25: Not Started
B26: 5.3 Knowledge Transfer | C26: Transition to BAU | G26: Not Started
B27: 5.4 Lessons Learned | C27: Document learnings | G27: Not Started
B28: 5.5 Close OCM | C28: Formal closure | G28: Not Started

Sheet ADKAR Assessment
A1: ADKAR Assessment | J1: INSTRUCTIONS
J2: Rate each ADKAR element 1-5
A3: Stakeholder/Group | B3: A | C3: D | D3: K | E3: A | F3: R | G3: Total | H3: Priority Gap
A4: Executive Leadership | G4: =IF(COUNTA(B4:F4)=5,SUM(B4:F4),"") | H4: =IF(COUNTA(B4:F4)<5,"",INDEX({"Awareness","Desire","Knowledge","Ability","Reinforcement"},MATCH(MIN(B4:F4),B4:F4,0))) | J4: A = Awareness (why)
A5: Middle Management | G5: =IF(COUNTA(B5:F5)=5,SUM(B5:F5),"") | H5: =IF(COUNTA(B5:F5)<5,"",INDEX({"Awareness","Desire","Knowledge","Ability","Reinforcement"},MATCH(MIN(B5:F5),B5:F5,0))) | J5: D = Desire (want to)
A6: Front-line Supervisors | G6: =IF(COUNTA(B6:F6)=5,SUM(B6:F6),"") | H6: =IF(COUNTA(B6:F6)<5,"",INDEX({"Awareness","Desire","Knowledge","Ability","Reinforcement"},MATCH(MIN(B6:F6),B6:F6,0))) | J6: K = Knowledge (how)
A7: End Users - Group A | G7: =IF(COUNTA(B7:F7)=5,SUM(B7:F7),"") | H7: =IF(COUNTA(B7:F7)<5,"",INDEX({"Awareness","Desire","Knowledge","Ability","Reinforcement"},MATCH(MIN(B7:F7),B7:F7,0))) | J7: A = Ability (can do)
A8: End Users - Group B | G8: =IF(COUNTA(B8:F8)=5,SUM(B8:F8),"") | H8: =IF(COUNTA(B8:F8)<5,"",INDEX({"Awareness","Desire","Knowledge","Ability","Reinforcement"},MATCH(MIN(B8:F8),B8:F8,0))) | J8: R = Reinforcement (sustain)
A9: IT Support | G9: =IF(COUNTA(B9:F9)=5,SUM(B9:F9),"") | H9: =IF(COUNTA(B9:F9)<5,"",INDEX({"Awareness","Desire","Knowledge","Ability","Reinforcement"},MATCH(MIN(B9:F9),B9:F9,0)))
A10: HR/Training | G10: =IF(COUNTA(B10:F10)=5,SUM(B10:F10),"") | H10: =IF(COUNTA(B10:F10)<5,"",INDEX({"Awareness","Desire","Knowledge","Ability","Reinforcement"},MATCH(MIN(B10:F10),B10:F10,0))) | J10: RATING SCALE:
A11: Partners | G11: =IF(COUNTA(B11:F11)=5,SUM(B11:F11),"") | H11: =IF(COUNTA(B11:F11)<5,"",INDEX({"Awareness","Desire","Knowledge","Ability","Reinforcement"},MATCH(MIN(B11:F11),B11:F11,0))) | J11: 1 = Very Low
G12: =IF(COUNTA(B12:F12)=5,SUM(B12:F12),"") | H12: =IF(COUNTA(B12:F12)<5,"",INDEX({"Awareness","Desire","Knowledge","Ability","Reinforcement"},MATCH(MIN(B12:F12),B12:F12,0))) | J12: 2 = Low
G13: =IF(COUNTA(B13:F13)=5,SUM(B13:F13),"") | H13: =IF(COUNTA(B13:F13)<5,"",INDEX({"Awareness","Desire","Knowledge","Ability","Reinforcement"},MATCH(MIN(B13:F13),B13:F13,0))) | J13: 3 = Moderate
G14: =IF(COUNTA(B14:F14)=5,SUM(B14:F14),"") | H14: =IF(COUNTA(B14:F14)<5,"",INDEX({"Awareness","Desire","Knowledge","Ability","Reinforcement"},MATCH(MIN(B14:F14),B14:F14,0))) | J14: 4 = High
G15: =IF(COUNTA(B15:F15)=5,SUM(B15:F15),"") | H15: =IF(COUNTA(B15:F15)<5,"",INDEX({"Awareness","Desire","Knowledge","Ability","Reinforcement"},MATCH(MIN(B15:F15),B15:F15,0))) | J15: 5 = Very High
G16: =IF(COUNTA(B16:F16)=5,SUM(B16:F16),"") | H16: =IF(COUNTA(B16:F16)<5,"",INDEX({"Awareness","Desire","Knowledge","Ability","Reinforcement"},MATCH(MIN(B16:F16),B16:F16,0)))
G17: =IF(COUNTA(B17:F17)=5,SUM(B17:F17),"") | H17: =IF(COUNTA(B17:F17)<5,"",INDEX({"Awareness","Desire","Knowledge","Ability","Reinforcement"},MATCH(MIN(B17:F17),B17:F17,0))) | J17: Priority Gap = lowest score
G18: =IF(COUNTA(B18:F18)=5,SUM(B18:F18),"") | H18: =IF(COUNTA(B18:F18)<5,"",INDEX({"Awareness","Desire","Knowledge","Ability","Reinforcement"},MATCH(MIN(B18:F18),B18:F18,0))) | J18: Focus interventions there.
G19: =IF(COUNTA(B19:F19)=5,SUM(B19:F19),"") | H19: =IF(COUNTA(B19:F19)<5,"",INDEX({"Awareness","Desire","Knowledge","Ability","Reinforcement"},MATCH(MIN(B19:F19),B19:F19,0)))
G20: =IF(COUNTA(B20:F20)=5,SUM(B20:F20),"") | H20: =IF(COUNTA(B20:F20)<5,"",INDEX({"Awareness","Desire","Knowledge","Ability","Reinforcement"},MATCH(MIN(B20:F20),B20:F20,0)))
G21: =IF(COUNTA(B21:F21)=5,SUM(B21:F21),"") | H21: =IF(COUNTA(B21:F21)<5,"",INDEX({"Awareness","Desire","Knowledge","Ability","Reinforcement"},MATCH(MIN(B21:F21),B21:F21,0)))
G22: =IF(COUNTA(B22:F22)=5,SUM(B22:F22),"") | H22: =IF(COUNTA(B22:F22)<5,"",INDEX({"Awareness","Desire","Knowledge","Ability","Reinforcement"},MATCH(MIN(B22:F22),B22:F22,0)))
G23: =IF(COUNTA(B23:F23)=5,SUM(B23:F23),"") | H23: =IF(COUNTA(B23:F23)<5,"",INDEX({"Awareness","Desire","Knowledge","Ability","Reinforcement"},MATCH(MIN(B23:F23),B23:F23,0)))
G24: =IF(COUNTA(B24:F24)=5,SUM(B24:F24),"") | H24: =IF(COUNTA(B24:F24)<5,"",INDEX({"Awareness","Desire","Knowledge","Ability","Reinforcement"},MATCH(MIN(B24:F24),B24:F24,0)))
G25: =IF(COUNTA(B25:F25)=5,SUM(B25:F25),"") | H25: =IF(COUNTA(B25:F25)<5,"",INDEX({"Awareness","Desire","Knowledge","Ability","Reinforcement"},MATCH(MIN(B25:F25),B25:F25,0)))
G26: =IF(COUNTA(B26:F26)=5,SUM(B26:F26),"") | H26: =IF(COUNTA(B26:F26)<5,"",INDEX({"Awareness","Desire","Knowledge","Ability","Reinforcement"},MATCH(MIN(B26:F26),B26:F26,0)))
G27: =IF(COUNTA(B27:F27)=5,SUM(B27:F27),"") | H27: =IF(COUNTA(B27:F27)<5,"",INDEX({"Awareness","Desire","Knowledge","Ability","Reinforcement"},MATCH(MIN(B27:F27),B27:F27,0)))
G28: =IF(COUNTA(B28:F28)=5,SUM(B28:F28),"") | H28: =IF(COUNTA(B28:F28)<5,"",INDEX({"Awareness","Desire","Knowledge","Ability","Reinforcement"},MATCH(MIN(B28:F28),B28:F28,0)))
G29: =IF(COUNTA(B29:F29)=5,SUM(B29:F29),"") | H29: =IF(COUNTA(B29:F29)<5,"",INDEX({"Awareness","Desire","Knowledge","Ability","Reinforcement"},MATCH(MIN(B29:F29),B29:F29,0)))
G30: =IF(COUNTA(B30:F30)=5,SUM(B30:F30),"") | H30: =IF(COUNTA(B30:F30)<5,"",INDEX({"Awareness","Desire","Knowledge","Ability","Reinforcement"},MATCH(MIN(B30:F30),B30:F30,0)))
G31: =IF(COUNTA(B31:F31)=5,SUM(B31:F31),"") | H31: =IF(COUNTA(B31:F31)<5,"",INDEX({"Awareness","Desire","Knowledge","Ability","Reinforcement"},MATCH(MIN(B31:F31),B31:F31,0)))

Sheet Stakeholder Analysis
A1: Stakeholder Analysis | L1: ROLE TEMPLATES (Reference) | Q1: INSTRUCTIONS
L2: Role Template | M2: Power | N2: Interest | O2: Suggested Key Messages | Q2: HOW TO USE:
A3: Name | B3: Role Template | C3: Department | D3: Power | E3: Interest | F3: Current | G3: Desired | H3: Key Messages | I3: Strategy | J3: Owner | L3: Executive Sponsor | M3: High | N3: High | O3: Strategic alignment, ROI, timeline | Q3: 1. Enter stakeholder Name
D4: =IF(B4="","",VLOOKUP(B4,$L$3:$O$14,2,FALSE)) | E4: =IF(B4="","",VLOOKUP(B4,$L$3:$O$14,3,FALSE)) | H4: =IF(B4="","",VLOOKUP(B4,$L$3:$O$14,4,FALSE)) | I4: =IF(OR(D4="",E4=""),"",IF(AND(D4="High",E4="High"),"Manage Closely",IF(AND(D4="High",E4="Medium"),"Manage Closely",IF(AND(D4="High",E4="Low"),"Keep Satisfied",IF(AND(D4="Medium",E4="High"),"Keep Informed",IF(AND(D4="Medium",E4="Medium"),"Keep Informed",IF(AND(D4="Medium",E4="Low"),"Monitor",IF(AND(D4="Low",E4="High"),"Keep Informed",IF(AND(D4="Low",E4="Medium"),"Monitor","Monitor"))))))))) | L4: Senior Leadership | M4: High | N4: Medium | O4: Business case, resource needs, risks | Q4: 2. Select Role Template
D5: =IF(B5="","",VLOOKUP(B5,$L$3:$O$14,2,FALSE)) | E5: =IF(B5="","",VLOOKUP(B5,$L$3:$O$14,3,FALSE)) | H5: =IF(B5="","",VLOOKUP(B5,$L$3:$O$14,4,FALSE)) | I5: =IF(OR(D5="",E5=""),"",IF(AND(D5="High",E5="High"),"Manage Closely",IF(AND(D5="High",E5="Medium"),"Manage Closely",IF(AND(D5="High",E5="Low"),"Keep Satisfied",IF(AND(D5="Medium",E5="High"),"Keep Informed",IF(AND(D5="Medium",E5="Medium"),"Keep Informed",IF(AND(D5="Medium",E5="Low"),"Monitor",IF(AND(D5="Low",E5="High"),"Keep Informed",IF(AND(D5="Low",E5="Medium"),"Monitor","Monitor"))))))))) | L5: Middle Manager | M5: Medium | N5: High | O5: Team impacts, timeline, support needed | Q5: → Power auto-fills
D6: =IF(B6="","",VLOOKUP(B6,$L$3:$O$14,2,FALSE)) | E6: =IF(B6="","",VLOOKUP(B6,$L$3:$O$14,3,FALSE)) | H6: =IF(B6="","",VLOOKUP(B6,$L$3:$O$14,4,FALSE)) | I6: =IF(OR(D6="",E6=""),"",IF(AND(D6="High",E6="High"),"Manage Closely",IF(AND(D6="High",E6="Medium"),"Manage Closely",IF(AND(D6="High",E6="Low"),"Keep Satisfied",IF(AND(D6="Medium",E6="High"),"Keep Informed",IF(AND(D6="Medium",E6="Medium"),"Keep Informed",IF(AND(D6="Medium",E6="Low"),"Monitor",IF(AND(D6="Low",E6="High"),"Keep Informed",IF(AND(D6="Low",E6="Medium"),"Monitor","Monitor"))))))))) | L6: Front-line Supervisor | M6: Medium | N6: High | O6: Daily operations, team concerns, training | Q6: → Interest auto-fills
D7: =IF(B7="","",VLOOKUP(B7,$L$3:$O$14,2,FALSE)) | E7: =IF(B7="","",VLOOKUP(B7,$L$3:$O$14,3,FALSE)) | H7: =IF(B7="","",VLOOKUP(B7,$L$3:$O$14,4,FALSE)) | I7: =IF(OR(D7="",E7=""),"",IF(AND(D7="High",E7="High"),"Manage Closely",IF(AND(D7="High",E7="Medium"),"Manage Closely",IF(AND(D7="High",E7="Low"),"Keep Satisfied",IF(AND(D7="Medium",E7="High"),"Keep Informed",IF(AND(D7="Medium",E7="Medium"),"Keep Informed",IF(AND(D7="Medium",E7="Low"),"Monitor",IF(AND(D7="Low",E7="High"),"Keep Informed",IF(AND(D7="Low",E7="Medium"),"Monitor","Monitor"))))))))) | L7: End User - Heavy Impact | M7: Low | N7: High | O7: What changes, training, support available | Q7: → Key Messages auto-fills
D8: =IF(B8="","",VLOOKUP(B8,$L$3:$O$14,2,FALSE)) | E8: =IF(B8="","",VLOOKUP(B8,$L$3:$O$14,3,FALSE)) | H8: =IF(B8="","",VLOOKUP(B8,$L$3:$O$14,4,FALSE)) | I8: =IF(OR(D8="",E8=""),"",IF(AND(D8="High",E8="High"),"Manage Closely",IF(AND(D8="High",E8="Medium"),"Manage Closely",IF(AND(D8="High",E8="Low"),"Keep Satisfied",IF(AND(D8="Medium",E8="High"),"Keep Informed",IF(AND(D8="Medium",E8="Medium"),"Keep Informed",IF(AND(D8="Medium",E8="Low"),"Monitor",IF(AND(D8="Low",E8="High"),"Keep Informed",IF(AND(D8="Low",E8="Medium"),"Monitor","Monitor"))))))))) | L8: End User - Light Impact | M8: Low | N8: Medium | O8: Overview, timeline, where to get help | Q8: → Strategy auto-calculates
D9: =IF(B9="","",VLOOKUP(B9,$L$3:$O$14,2,FALSE)) | E9: =IF(B9="","",VLOOKUP(B9,$L$3:$O$14,3,FALSE)) | H9: =IF(B9="","",VLOOKUP(B9,$L$3:$O$14,4,FALSE)) | I9: =IF(OR(D9="",E9=""),"",IF(AND(D9="High",E9="High"),"Manage Closely",IF(AND(D9="High",E9="Medium"),"Manage Closely",IF(AND(D9="High",E9="Low"),"Keep Satisfied",IF(AND(D9="Medium",E9="High"),"Keep Informed",IF(AND(D9="Medium",E9="Medium"),"Keep Informed",IF(AND(D9="Medium",E9="Low"),"Monitor",IF(AND(D9="Low",E9="High"),"Keep Informed",IF(AND(D9="Low",E9="Medium"),"Monitor","Monitor"))))))))) | L9: IT Support Staff | M9: Medium | N9: High | O9: Technical details, support procedures | Q9: 3. Set Current/Desired state
D10: =IF(B10="","",VLOOKUP(B10,$L$3:$O$14,2,FALSE)) | E10: =IF(B10="","",VLOOKUP(B10,$L$3:$O$14,3,FALSE)) | H10: =IF(B10="","",VLOOKUP(B10,$L$3:$O$14,4,FALSE)) | I10: =IF(OR(D10="",E10=""),"",IF(AND(D10="High",E10="High"),"Manage Closely",IF(AND(D10="High",E10="Medium"),"Manage Closely",IF(AND(D10="High",E10="Low"),"Keep Satisfied",IF(AND(D10="Medium",E10="High"),"Keep Informed",IF(AND(D10="Medium",E10="Medium"),"Keep Informed",IF(AND(D10="Medium",E10="Low"),"Monitor",IF(AND(D10="Low",E10="High"),"Keep Informed",IF(AND(D10="Low",E10="Medium"),"Monitor","Monitor"))))))))) | L10: HR/Training Team | M10: Medium | N10: Medium | O10: Training needs, policy updates | Q10: 4. Assign Owner
D11: =IF(B11="","",VLOOKUP(B11,$L$3:$O$14,2,FALSE)) | E11: =IF(B11="","",VLOOKUP(B11,$L$3:$O$14,3,FALSE)) | H11: =IF(B11="","",VLOOKUP(B11,$L$3:$O$14,4,FALSE)) | I11: =IF(OR(D11="",E11=""),"",IF(AND(D11="High",E11="High"),"Manage Closely",IF(AND(D11="High",E11="Medium"),"Manage Closely",IF(AND(D11="High",E11="Low"),"Keep Satisfied",IF(AND(D11="Medium",E11="High"),"Keep Informed",IF(AND(D11="Medium",E11="Medium"),"Keep Informed",IF(AND(D11="Medium",E11="Low"),"Monitor",IF(AND(D11="Low",E11="High"),"Keep Informed",IF(AND(D11="Low",E11="Medium"),"Monitor","Monitor"))))))))) | L11: Finance/Procurement | M11: Medium | N11: Low | O11: Budget, procurement, compliance
D12: =IF(B12="","",VLOOKUP(B12,$L$3:$O$14,2,FALSE)) | E12: =IF(B12="","",VLOOKUP(B12,$L$3:$O$14,3,FALSE)) | H12: =IF(B12="","",VLOOKUP(B12,$L$3:$O$14,4,FALSE)) | I12: =IF(OR(D12="",E12=""),"",IF(AND(D12="High",E12="High"),"Manage Closely",IF(AND(D12="High",E12="Medium"),"Manage Closely",IF(AND(D12="High",E12="Low"),"Keep Satisfied",IF(AND(D12="Medium",E12="High"),"Keep Informed",IF(AND(D12="Medium",E12="Medium"),"Keep Informed",IF(AND(D12="Medium",E12="Low"),"Monitor",IF(AND(D12="Low",E12="High"),"Keep Informed",IF(AND(D12="Low",E12="Medium"),"Monitor","Monitor"))))))))) | L12: External Partner | M12: Low | N12: Medium | O12: Partnership impacts, coordination | Q12: You can override auto-filled
D13: =IF(B13="","",VLOOKUP(B13,$L$3:$O$14,2,FALSE)) | E13: =IF(B13="","",VLOOKUP(B13,$L$3:$O$14,3,FALSE)) | H13: =IF(B13="","",VLOOKUP(B13,$L$3:$O$14,4,FALSE)) | I13: =IF(OR(D13="",E13=""),"",IF(AND(D13="High",E13="High"),"Manage Closely",IF(AND(D13="High",E13="Medium"),"Manage Closely",IF(AND(D13="High",E13="Low"),"Keep Satisfied",IF(AND(D13="Medium",E13="High"),"Keep Informed",IF(AND(D13="Medium",E13="Medium"),"Keep Informed",IF(AND(D13="Medium",E13="Low"),"Monitor",IF(AND(D13="Low",E13="High"),"Keep Informed",IF(AND(D13="Low",E13="Medium"),"Monitor","Monitor"))))))))) | L13: Union Representative | M13: Medium | N13: High | O13: Employee impacts, consultation process | Q13: values if needed.
D14: =IF(B14="","",VLOOKUP(B14,$L$3:$O$14,2,FALSE)) | E14: =IF(B14="","",VLOOKUP(B14,$L$3:$O$14,3,FALSE)) | H14: =IF(B14="","",VLOOKUP(B14,$L$3:$O$14,4,FALSE)) | I14: =IF(OR(D14="",E14=""),"",IF(AND(D14="High",E14="High"),"Manage Closely",IF(AND(D14="High",E14="Medium"),"Manage Closely",IF(AND(D14="High",E14="Low"),"Keep Satisfied",IF(AND(D14="Medium",E14="High"),"Keep Informed",IF(AND(D14="Medium",E14="Medium"),"Keep Informed",IF(AND(D14="Medium",E14="Low"),"Monitor",IF(AND(D14="Low",E14="High"),"Keep Informed",IF(AND(D14="Low",E14="Medium"),"Monitor","Monitor"))))))))) | L14: Customer (if impacted) | M14: Low | N14: High | O14: Service changes, benefits, timeline
D15: =IF(B15="","",VLOOKUP(B15,$L$3:$O$14,2,FALSE)) | E15: =IF(B15="","",VLOOKUP(B15,$L$3:$O$14,3,FALSE)) | H15: =IF(B15="","",VLOOKUP(B15,$L$3:$O$14,4,FALSE)) | I15: =IF(OR(D15="",E15=""),"",IF(AND(D15="High",E15="High"),"Manage Closely",IF(AND(D15="High",E15="Medium"),"Manage Closely",IF(AND(D15="High",E15="Low"),"Keep Satisfied",IF(AND(D15="Medium",E15="High"),"Keep Informed",IF(AND(D15="Medium",E15="Medium"),"Keep Informed",IF(AND(D15="Medium",E15="Low"),"Monitor",IF(AND(D15="Low",E15="High"),"Keep Informed",IF(AND(D15="Low",E15="Medium"),"Monitor","Monitor"))))))))) | Q15: STRATEGY LOGIC:
D16: =IF(B16="","",VLOOKUP(B16,$L$3:$O$14,2,FALSE)) | E16: =IF(B16="","",VLOOKUP(B16,$L$3:$O$14,3,FALSE)) | H16: =IF(B16="","",VLOOKUP(B16,$L$3:$O$14,4,FALSE)) | I16: =IF(OR(D16="",E16=""),"",IF(AND(D16="High",E16="High"),"Manage Closely",IF(AND(D16="High",E16="Medium"),"Manage Closely",IF(AND(D16="High",E16="Low"),"Keep Satisfied",IF(AND(D16="Medium",E16="High"),"Keep Informed",IF(AND(D16="Medium",E16="Medium"),"Keep Informed",IF(AND(D16="Medium",E16="Low"),"Monitor",IF(AND(D16="Low",E16="High"),"Keep Informed",IF(AND(D16="Low",E16="Medium"),"Monitor","Monitor"))))))))) | Q16: High Pwr + High Int → Manage Closely
D17: =IF(B17="","",VLOOKUP(B17,$L$3:$O$14,2,FALSE)) | E17: =IF(B17="","",VLOOKUP(B17,$L$3:$O$14,3,FALSE)) | H17: =IF(B17="","",VLOOKUP(B17,$L$3:$O$14,4,FALSE)) | I17: =IF(OR(D17="",E17=""),"",IF(AND(D17="High",E17="High"),"Manage Closely",IF(AND(D17="High",E17="Medium"),"Manage Closely",IF(AND(D17="High",E17="Low"),"Keep Satisfied",IF(AND(D17="Medium",E17="High"),"Keep Informed",IF(AND(D17="Medium",E17="Medium"),"Keep Informed",IF(AND(D17="Medium",E17="Low"),"Monitor",IF(AND(D17="Low",E17="High"),"Keep Informed",IF(AND(D17="Low",E17="Medium"),"Monitor","Monitor"))))))))) | Q17: High Pwr + Low Int → Keep Satisfied
D18: =IF(B18="","",VLOOKUP(B18,$L$3:$O$14,2,FALSE)) | E18: =IF(B18="","",VLOOKUP(B18,$L$3:$O$14,3,FALSE)) | H18: =IF(B18="","",VLOOKUP(B18,$L$3:$O$14,4,FALSE)) | I18: =IF(OR(D18="",E18=""),"",IF(AND(D18="High",E18="High"),"Manage Closely",IF(AND(D18="High",E18="Medium"),"Manage Closely",IF(AND(D18="High",E18="Low"),"Keep Satisfied",IF(AND(D18="Medium",E18="High"),"Keep Informed",IF(AND(D18="Medium",E18="Medium"),"Keep Informed",IF(AND(D18="Medium",E18="Low"),"Monitor",IF(AND(D18="Low",E18="High"),"Keep Informed",IF(AND(D18="Low",E18="Medium"),"Monitor","Monitor"))))))))) | Q18: Low Pwr + High Int → Keep Informed
D19: =IF(B19="","",VLOOKUP(B19,$L$3:$O$14,2,FALSE)) | E19: =IF(B19="","",VLOOKUP(B19,$L$3:$O$14,3,FALSE)) | H19: =IF(B19="","",VLOOKUP(B19,$L$3:$O$14,4,FALSE)) | I19: =IF(OR(D19="",E19=""),"",IF(AND(D19="High",E19="High"),"Manage Closely",IF(AND(D19="High",E19="Medium"),"Manage Closely",IF(AND(D19="High",E19="Low"),"Keep Satisfied",IF(AND(D19="Medium",E19="High"),"Keep Informed",IF(AND(D19="Medium",E19="Medium"),"Keep Informed",IF(AND(D19="Medium",E19="Low"),"Monitor",IF(AND(D19="Low",E19="High"),"Keep Informed",IF(AND(D19="Low",E19="Medium"),"Monitor","Monitor"))))))))) | Q19: Low Pwr + Low Int → Monitor
D20: =IF(B20="","",VLOOKUP(B20,$L$3:$O$14,2,FALSE)) | E20: =IF(B20="","",VLOOKUP(B20,$L$3:$O$14,3,FALSE)) | H20: =IF(B20="","",VLOOKUP(B20,$L$3:$O$14,4,FALSE)) | I20: =IF(OR(D20="",E20=""),"",IF(AND(D20="High",E20="High"),"Manage Closely",IF(AND(D20="High",E20="Medium"),"Manage Closely",IF(AND(D20="High",E20="Low"),"Keep Satisfied",IF(AND(D20="Medium",E20="High"),"Keep Informed",IF(AND(D20="Medium",E20="Medium"),"Keep Informed",IF(AND(D20="Medium",E20="Low"),"Monitor",IF(AND(D20="Low",E20="High"),"Keep Informed",IF(AND(D20="Low",E20="Medium"),"Monitor","Monitor")))))))))
D21: =IF(B21="","",VLOOKUP(B21,$L$3:$O$14,2,FALSE)) | E21: =IF(B21="","",VLOOKUP(B21,$L$3:$O$14,3,FALSE)) | H21: =IF(B21="","",VLOOKUP(B21,$L$3:$O$14,4,FALSE)) | I21: =IF(OR(D21="",E21=""),"",IF(AND(D21="High",E21="High"),"Manage Closely",IF(AND(D21="High",E21="Medium"),"Manage Closely",IF(AND(D21="High",E21="Low"),"Keep Satisfied",IF(AND(D21="Medium",E21="High"),"Keep Informed",IF(AND(D21="Medium",E21="Medium"),"Keep Informed",IF(AND(D21="Medium",E21="Low"),"Monitor",IF(AND(D21="Low",E21="High"),"Keep Informed",IF(AND(D21="Low",E21="Medium"),"Monitor","Monitor")))))))))
D22: =IF(B22="","",VLOOKUP(B22,$L$3:$O$14,2,FALSE)) | E22: =IF(B22="","",VLOOKUP(B22,$L$3:$O$14,3,FALSE)) | H22: =IF(B22="","",VLOOKUP(B22,$L$3:$O$14,4,FALSE)) | I22: =IF(OR(D22="",E22=""),"",IF(AND(D22="High",E22="High"),"Manage Closely",IF(AND(D22="High",E22="Medium"),"Manage Closely",IF(AND(D22="High",E22="Low"),"Keep Satisfied",IF(AND(D22="Medium",E22="High"),"Keep Informed",IF(AND(D22="Medium",E22="Medium"),"Keep Informed",IF(AND(D22="Medium",E22="Low"),"Monitor",IF(AND(D22="Low",E22="High"),"Keep Informed",IF(AND(D22="Low",E22="Medium"),"Monitor","Monitor")))))))))
D23: =IF(B23="","",VLOOKUP(B23,$L$3:$O$14,2,FALSE)) | E23: =IF(B23="","",VLOOKUP(B23,$L$3:$O$14,3,FALSE)) | H23: =IF(B23="","",VLOOKUP(B23,$L$3:$O$14,4,FALSE)) | I23: =IF(OR(D23="",E23=""),"",IF(AND(D23="High",E23="High"),"Manage Closely",IF(AND(D23="High",E23="Medium"),"Manage Closely",IF(AND(D23="High",E23="Low"),"Keep Satisfied",IF(AND(D23="Medium",E23="High"),"Keep Informed",IF(AND(D23="Medium",E23="Medium"),"Keep Informed",IF(AND(D23="Medium",E23="Low"),"Monitor",IF(AND(D23="Low",E23="High"),"Keep Informed",IF(AND(D23="Low",E23="Medium"),"Monitor","Monitor")))))))))
D24: =IF(B24="","",VLOOKUP(B24,$L$3:$O$14,2,FALSE)) | E24: =IF(B24="","",VLOOKUP(B24,$L$3:$O$14,3,FALSE)) | H24: =IF(B24="","",VLOOKUP(B24,$L$3:$O$14,4,FALSE)) | I24: =IF(OR(D24="",E24=""),"",IF(AND(D24="High",E24="High"),"Manage Closely",IF(AND(D24="High",E24="Medium"),"Manage Closely",IF(AND(D24="High",E24="Low"),"Keep Satisfied",IF(AND(D24="Medium",E24="High"),"Keep Informed",IF(AND(D24="Medium",E24="Medium"),"Keep Informed",IF(AND(D24="Medium",E24="Low"),"Monitor",IF(AND(D24="Low",E24="High"),"Keep Informed",IF(AND(D24="Low",E24="Medium"),"Monitor","Monitor")))))))))
D25: =IF(B25="","",VLOOKUP(B25,$L$3:$O$14,2,FALSE)) | E25: =IF(B25="","",VLOOKUP(B25,$L$3:$O$14,3,FALSE)) | H25: =IF(B25="","",VLOOKUP(B25,$L$3:$O$14,4,FALSE)) | I25: =IF(OR(D25="",E25=""),"",IF(AND(D25="High",E25="High"),"Manage Closely",IF(AND(D25="High",E25="Medium"),"Manage Closely",IF(AND(D25="High",E25="Low"),"Keep Satisfied",IF(AND(D25="Medium",E25="High"),"Keep Informed",IF(AND(D25="Medium",E25="Medium"),"Keep Informed",IF(AND(D25="Medium",E25="Low"),"Monitor",IF(AND(D25="Low",E25="High"),"Keep Informed",IF(AND(D25="Low",E25="Medium"),"Monitor","Monitor")))))))))
D26: =IF(B26="","",VLOOKUP(B26,$L$3:$O$14,2,FALSE)) | E26: =IF(B26="","",VLOOKUP(B26,$L$3:$O$14,3,FALSE)) | H26: =IF(B26="","",VLOOKUP(B26,$L$3:$O$14,4,FALSE)) | I26: =IF(OR(D26="",E26=""),"",IF(AND(D26="High",E26="High"),"Manage Closely",IF(AND(D26="High",E26="Medium"),"Manage Closely",IF(AND(D26="High",E26="Low"),"Keep Satisfied",IF(AND(D26="Medium",E26="High"),"Keep Informed",IF(AND(D26="Medium",E26="Medium"),"Keep Informed",IF(AND(D26="Medium",E26="Low"),"Monitor",IF(AND(D26="Low",E26="High"),"Keep Informed",IF(AND(D26="Low",E26="Medium"),"Monitor","Monitor")))))))))
D27: =IF(B27="","",VLOOKUP(B27,$L$3:$O$14,2,FALSE)) | E27: =IF(B27="","",VLOOKUP(B27,$L$3:$O$14,3,FALSE)) | H27: =IF(B27="","",VLOOKUP(B27,$L$3:$O$14,4,FALSE)) | I27: =IF(OR(D27="",E27=""),"",IF(AND(D27="High",E27="High"),"Manage Closely",IF(AND(D27="High",E27="Medium"),"Manage Closely",IF(AND(D27="High",E27="Low"),"Keep Satisfied",IF(AND(D27="Medium",E27="High"),"Keep Informed",IF(AND(D27="Medium",E27="Medium"),"Keep Informed",IF(AND(D27="Medium",E27="Low"),"Monitor",IF(AND(D27="Low",E27="High"),"Keep Informed",IF(AND(D27="Low",E27="Medium"),"Monitor","Monitor")))))))))
D28: =IF(B28="","",VLOOKUP(B28,$L$3:$O$14,2,FALSE)) | E28: =IF(B28="","",VLOOKUP(B28,$L$3:$O$14,3,FALSE)) | H28: =IF(B28="","",VLOOKUP(B28,$L$3:$O$14,4,FALSE)) | I28: =IF(OR(D28="",E28=""),"",IF(AND(D28="High",E28="High"),"Manage Closely",IF(AND(D28="High",E28="Medium"),"Manage Closely",IF(AND(D28="High",E28="Low"),"Keep Satisfied",IF(AND(D28="Medium",E28="High"),"Keep Informed",IF(AND(D28="Medium",E28="Medium"),"Keep Informed",IF(AND(D28="Medium",E28="Low"),"Monitor",IF(AND(D28="Low",E28="High"),"Keep Informed",IF(AND(D28="Low",E28="Medium"),"Monitor","Monitor")))))))))
D29: =IF(B29="","",VLOOKUP(B29,$L$3:$O$14,2,FALSE)) | E29: =IF(B29="","",VLOOKUP(B29,$L$3:$O$14,3,FALSE)) | H29: =IF(B29="","",VLOOKUP(B29,$L$3:$O$14,4,FALSE)) | I29: =IF(OR(D29="",E29=""),"",IF(AND(D29="High",E29="High"),"Manage Closely",IF(AND(D29="High",E29="Medium"),"Manage Closely",IF(AND(D29="High",E29="Low"),"Keep Satisfied",IF(AND(D29="Medium",E29="High"),"Keep Informed",IF(AND(D29="Medium",E29="Medium"),"Keep Informed",IF(AND(D29="Medium",E29="Low"),"Monitor",IF(AND(D29="Low",E29="High"),"Keep Informed",IF(AND(D29="Low",E29="Medium"),"Monitor","Monitor")))))))))
D30: =IF(B30="","",VLOOKUP(B30,$L$3:$O$14,2,FALSE)) | E30: =IF(B30="","",VLOOKUP(B30,$L$3:$O$14,3,FALSE)) | H30: =IF(B30="","",VLOOKUP(B30,$L$3:$O$14,4,FALSE)) | I30: =IF(OR(D30="",E30=""),"",IF(AND(D30="High",E30="High"),"Manage Closely",IF(AND(D30="High",E30="Medium"),"Manage Closely",IF(AND(D30="High",E30="Low"),"Keep Satisfied",IF(AND(D30="Medium",E30="High"),"Keep Informed",IF(AND(D30="Medium",E30="Medium"),"Keep Informed",IF(AND(D30="Medium",E30="Low"),"Monitor",IF(AND(D30="Low",E30="High"),"Keep Informed",IF(AND(D30="Low",E30="Medium"),"Monitor","Monitor")))))))))
D31: =IF(B31="","",VLOOKUP(B31,$L$3:$O$14,2,FALSE)) | E31: =IF(B31="","",VLOOKUP(B31,$L$3:$O$14,3,FALSE)) | H31: =IF(B31="","",VLOOKUP(B31,$L$3:$O$14,4,FALSE)) | I31: =IF(OR(D31="",E31=""),"",IF(AND(D31="High",E31="High"),"Manage Closely",IF(AND(D31="High",E31="Medium"),"Manage Closely",IF(AND(D31="High",E31="Low"),"Keep Satisfied",IF(AND(D31="Medium",E31="High"),"Keep Informed",IF(AND(D31="Medium",E31="Medium"),"Keep Informed",IF(AND(D31="Medium",E31="Low"),"Monitor",IF(AND(D31="Low",E31="High"),"Keep Informed",IF(AND(D31="Low",E31="Medium"),"Monitor","Monitor")))))))))
... D33: =IF(B33="","",VLOOKUP(B33,$L$3:$O$14,2,FALSE)) | E33: =IF(B33="","",VLOOKUP(B33,$L$3:$O$14,3,FALSE)) | H33: =IF(B33="","",VLOOKUP(B33,$L$3:$O$14,4,FALSE)) | I33: =IF(OR(D33="",E33=""),"",IF(AND(D33="High",E33="High"),"Manage Closely",IF(AND(D33="High",E33="Medium"),"Manage Closely",IF(AND(D33="High",E33="Low"),"Keep Satisfied",IF(AND(D33="Medium",E33="High"),"Keep Informed",IF(AND(D33="Medium",E33="Medium"),"Keep Informed",IF(AND(D33="Medium",E33="Low"),"Monitor",IF(AND(D33="Low",E33="High"),"Keep Informed",IF(AND(D33="Low",E33="Medium"),"Monitor","Monitor")))))))))

Sheet Communication Plan
A1: Communication Plan | I1: INSTRUCTIONS
I2: Plan communications
A3: ID | B3: Message/Topic | C3: Audience | D3: Channel | E3: Sender | F3: Date | G3: Status
A4: C001 | B4: Change Announcement | C4: All Employees | D4: Town Hall | E4: Exec Sponsor | G4: Planned | I4: THE 5 RIGHTS:
A5: C002 | B5: Leadership Briefing | C5: Senior Leaders | D5: Meeting | E5: Project Sponsor | G5: Planned | I5: • Right Message
A6: C003 | B6: Manager Toolkit | C6: Managers | D6: Email+Portal | E6: OCM Lead | G6: Planned | I6: • Right Audience
A7: C004 | B7: Progress Updates | C7: All Stakeholders | D7: Newsletter | E7: PM | G7: Planned | I7: • Right Channel
A8: C005 | I8: • Right Time
A9: C006 | I9: • Right Sender
A10: C007
A11: C008
A12: C009
A13: C010
A14: C011
A15: C012
A16: C013
A17: C014
A18: C015
A19: C016
A20: C017
A21: C018
... A27: C024

Sheet Training Plan
A1: Training Plan | K1: INSTRUCTIONS
K2: Plan training by role
A3: ID | B3: Course | C3: Audience | D3: Format | E3: Duration | F3: Date | G3: Enrolled | H3: Complete | I3: Status
A4: T001 | B4: Change Overview | C4: Leaders | D4: Workshop | E4: 2 hrs | I4: Planned | K4: FORMATS:
A5: T002 | B5: System Basics | C5: End Users | D5: eLearning | E5: 1 hr | I5: Planned | K5: • eLearning
A6: T003 | B6: Advanced Features | C6: Power Users | D6: Lab | E6: 4 hrs | I6: Planned | K6: • Workshop
A7: T004 | K7: • Lab (hands-on)
A8: T005 | K8: • Coaching (1:1)
A9: T006
A10: T007
A11: T008
A12: T009
A13: T010
A14: T011
A15: T012
A16: T013
A17: T014
A18: T015
A19: T016
A20: T017
... A26: T023

Sheet Sponsorship Tracker
A1: Sponsorship Tracker | I1: INSTRUCTIONS
I2: Track sponsor activities
A3: Sponsor | B3: Level | C3: Activity | D3: Target | E3: Actual | F3: Audience | G3: Effect (1-5)
I4: LEVELS:
I5: Primary = Exec owner
I6: Sustaining = BU leaders
I7: Local = Dept managers

Sheet Resistance Log
A1: Resistance Log | K1: INSTRUCTIONS
K2: Track resistance
A3: ID | B3: Date | C3: Source | D3: Type | E3: ADKAR Gap | F3: Severity | G3: Mitigation | H3: Owner | I3: Status
A4: R001 | K4: TYPES:
A5: R002 | K5: Active = Vocal
A6: R003 | K6: Passive = Silent
A7: R004 | K7: Compliance = Motions
A8: R005
A9: R006 | K9: Link to ADKAR gap
A10: R007
A11: R008
A12: R009
A13: R010
A14: R011
A15: R012
A16: R013
A17: R014
A18: R015
A19: R016
A20: R017
A21: R018
... A28: R025

Sheet KPI Dashboard
A1: KPI Dashboard | G1: INSTRUCTIONS
G2: Track 6 key metrics
A3: KPI | B3: Target | C3: Baseline | D3: Current | E3: Status
A4: Awareness Level | B4: 100% | E4: =IF(D4="","",IF(D4>=C4,"On Track","Gap")) | G4: Enter Baseline at start
A5: Adoption Rate | B5: 85% | E5: =IF(D5="","",IF(D5>=C5,"On Track","Gap")) | G5: Update Current regularly
A6: Proficiency Level | B6: 80% | E6: =IF(D6="","",IF(D6>=C6,"On Track","Gap"))
A7: Resistance Level | B7: 10% | E7: =IF(D7="","",IF(D7<=C7,"On Track","Gap")) | G7: Status auto-calculates
A8: Sponsor Engagement | B8: 4 | E8: =IF(D8="","",IF(D8>=C8,"On Track","Gap"))
A9: Sustainment Rate | B9: 90% | E9: =IF(D9="","",IF(D9>=C9,"On Track","Gap"))

Sheet Maturity Assessment
A1: Maturity Assessment | F1: INSTRUCTIONS
F2: Rate maturity 1-5
A3: Dimension | B3: Current (1-5) | C3: Target (1-5) | D3: Gap
A4: Leadership & Sponsorship | D4: =IF(OR(B4="",C4=""),"",C4-B4) | F4: 1 = Ad-hoc
A5: Stakeholder Engagement | D5: =IF(OR(B5="",C5=""),"",C5-B5) | F5: 2 = Emerging
A6: Communication | D6: =IF(OR(B6="",C6=""),"",C6-B6) | F6: 3 = Defined
A7: Training & Development | D7: =IF(OR(B7="",C7=""),"",C7-B7) | F7: 4 = Managed
A8: Resistance Management | D8: =IF(OR(B8="",C8=""),"",C8-B8) | F8: 5 = Optimized
A9: Measurement & Analytics | D9: =IF(OR(B9="",C9=""),"",C9-B9)
A10: Process Integration | D10: =IF(OR(B10="",C10=""),"",C10-B10) | F10: Gap = Target - Current
A11: Change Agent Network | D11: =IF(OR(B11="",C11=""),"",C11-B11)
A13: Average: | B13: =AVERAGE(B4:B11) | C13: =AVERAGE(C4:C11) | D13: =C12-B12

Sheet CSF Checklist
A1: CSF Checklist | F1: INSTRUCTIONS
F2: Rate each CSF 1-5
A3: # | B3: Critical Success Factor | C3: Rating (1-5) | D3: Evidence/Notes
A4: 1 | B4: Executive Sponsorship | F4: 1 = Not addressed
A5: 2 | B5: Clear Vision & Case | F5: 2 = Minimal
A6: 3 | B6: Stakeholder Engagement | F6: 3 = Partial
A7: 4 | B7: Effective Communication | F7: 4 = Well done
A8: 5 | B8: Training & Capability | F8: 5 = Best practice
A9: 6 | B9: Change Agent Network
A10: 7 | B10: Resistance Management | F10: Avg 4+ = Strong
A11: 8 | B11: Measurement & Reinforcement | F11: Avg <3 = At Risk
A13: Average: | C13: =AVERAGE(C4:C11)

Sheet Risk Register
A1: Risk Register | K1: INSTRUCTIONS
K2: Score = L × I
A3: ID | B3: Risk Description | C3: Category | D3: L (1-5) | E3: I (1-5) | F3: Score | G3: Mitigation | H3: Owner | I3: Status
A4: R001 | F4: =IF(OR(D4="",E4=""),"",D4*E4) | K4: 1-6 = Low
A5: R002 | F5: =IF(OR(D5="",E5=""),"",D5*E5) | K5: 7-14 = Medium
A6: R003 | F6: =IF(OR(D6="",E6=""),"",D6*E6) | K6: 15-25 = High
A7: R004 | F7: =IF(OR(D7="",E7=""),"",D7*E7)
A8: R005 | F8: =IF(OR(D8="",E8=""),"",D8*E8) | K8: L = Likelihood
A9: R006 | F9: =IF(OR(D9="",E9=""),"",D9*E9) | K9: I = Impact
A10: R007 | F10: =IF(OR(D10="",E10=""),"",D10*E10)
A11: R008 | F11: =IF(OR(D11="",E11=""),"",D11*E11)
A12: R009 | F12: =IF(OR(D12="",E12=""),"",D12*E12)
A13: R010 | F13: =IF(OR(D13="",E13=""),"",D13*E13)
A14: R011 | F14: =IF(OR(D14="",E14=""),"",D14*E14)
A15: R012 | F15: =IF(OR(D15="",E15=""),"",D15*E15)
A16: R013 | F16: =IF(OR(D16="",E16=""),"",D16*E16)
A17: R014 | F17: =IF(OR(D17="",E17=""),"",D17*E17)
A18: R015 | F18: =IF(OR(D18="",E18=""),"",D18*E18)
A19: R016 | F19: =IF(OR(D19="",E19=""),"",D19*E19)
A20: R017 | F20: =IF(OR(D20="",E20=""),"",D20*E20)
A21: R018 | F21: =IF(OR(D21="",E21=""),"",D21*E21)
... A23: R020 | F23: =IF(OR(D23="",E23=""),"",D23*E23)

Sheet Change Impact
A1: Change Impact | J1: INSTRUCTIONS
J2: Document impacts
A3: ID | B3: Group | C3: Impact Type | D3: Severity | E3: Description | F3: Mitigation | G3: Owner | H3: Status
A4: IMP001 | J4: TYPES:
A5: IMP002 | J5: Process, Technology,
A6: IMP003 | J6: Role, Skills, Culture
A7: IMP004
A8: IMP005 | J8: SEVERITY:
A9: IMP006 | J9: High = Major change
A10: IMP007 | J10: Low = Minor adjust
A11: IMP008
A12: IMP009
A13: IMP010
A14: IMP011
A15: IMP012
A16: IMP013
A17: IMP014
A18: IMP015
A19: IMP016
A20: IMP017
A21: IMP018
A22: IMP019
... A28: IMP025
